{"cameraMode":{"drawMode":0,"name":"Shaded","section":"Shading Mode"},"sceneLighting":false,"audioPlay":false,"sceneViewState":{"m_AlwaysRefresh":false,"showFog":true,"showSkybox":false,"showFlares":true,"showImageEffects":true,"showParticleSystems":true,"showVisualEffectGraphs":true,"m_FxEnabled":true},"in2DMode":false,"pivot":{"x":1.7814213037490845,"y":1.1705353260040284,"z":-0.9236079454421997},"rotation":{"x":0.4661482572555542,"y":-0.047732818871736529,"z":0.025195259600877763,"w":0.8830642104148865},"size":0.10251016914844513,"orthographic":true}